soc6,task_exposure,title,AIOE,lm_aioe,task_z,aioe_z,ensemble_z,task_rank,aioe_rank,rank_gap
13-2041,0.8432,Credit Analysts,1.3453,1.0925,1.827,1.3529,1.5899,3,61,-58
43-9111,0.8271,Statistical Assistants,1.39,1.053,1.7507,1.3972,1.5739,7,32,-25
13-2031,0.7973,Budget Analysts,1.503,1.3,1.6094,1.5091,1.5593,11,5,6
31-9094,0.8893,Medical Transcriptionists,1.0626,1.1962,2.0455,1.0728,1.5591,1,154,-153
23-2093,0.8437,"Title Examiners, Abstractors, and Searchers",1.28,1.3842,1.8294,1.2881,1.5587,2,101,-99
13-2082,0.8359,Tax Preparers,1.2937,1.1437,1.7924,1.3018,1.5471,5,93,-88
15-2021,0.7953,Mathematicians,1.4723,1.1662,1.5999,1.4788,1.5393,12,9,3
13-2011,0.7877,Accountants and Auditors,1.482,1.214,1.5639,1.4883,1.5261,15,8,7
27-3042,0.8357,Technical Writers,1.184,1.3166,1.7914,1.1931,1.4923,6,127,-121
43-3051,0.8178,Payroll and Timekeeping Clerks,1.2576,1.1555,1.7066,1.266,1.4863,9,109,-100
43-4131,0.7899,Loan Interviewers and Clerks,1.3644,1.2742,1.5743,1.3718,1.4731,14,46,-32
15-2041,0.7764,Statisticians,1.3827,1.2433,1.5106,1.39,1.4503,20,37,-17
43-3031,0.8418,"Bookkeeping, Accounting, and Auditing Clerks",1.0397,0.8181,1.8203,1.0501,1.4352,4,161,-157
13-2071,0.7677,Credit Counselors,1.3854,1.3553,1.4691,1.3926,1.4309,24,36,-12
23-2011,0.7867,Paralegals and Legal Assistants,1.2921,1.3327,1.5592,1.3001,1.4297,16,94,-78
43-4041,0.7552,"Credit Authorizers, Checkers, and Clerks",1.4403,1.5456,1.4099,1.447,1.4284,31,14,17
13-1111,0.7532,Management Analysts,1.4324,1.5476,1.4004,1.4392,1.4198,32,18,14
23-1012,0.7459,Judicial Law Clerks,1.463,1.5126,1.3658,1.4695,1.4176,40,10,30
13-2072,0.7614,Loan Officers,1.3857,1.4775,1.4393,1.393,1.4161,27,35,-8
43-9041,0.7918,Insurance Claims and Policy Processing Clerks,1.2402,1.2572,1.5833,1.2488,1.4161,13,113,-100
13-1051,0.7607,Cost Estimators,1.3677,1.1341,1.4359,1.3751,1.4055,28,43,-15
15-2031,0.7524,Operations Research Analysts,1.4,1.2336,1.3966,1.4071,1.4019,34,30,4
43-9081,0.7756,Proofreaders and Copy Markers,1.2884,1.4362,1.5066,1.2965,1.4015,21,95,-74
13-2051,0.751,Financial and Investment Analysts,1.3806,1.2728,1.39,1.3879,1.3889,36,38,-2
13-1161,0.7375,Market Research Analysts and Marketing Specialists,1.4268,1.3563,1.3262,1.4336,1.3799,48,20,28
13-2099,0.7405,Financial Quantitative Analysts,1.3614,1.2526,1.3402,1.3688,1.3545,43,48,-5
19-3094,0.728,Political Scientists,1.4189,1.6865,1.2809,1.4258,1.3534,53,23,30
13-1141,0.7224,"Compensation, Benefits, and Job Analysis Specialists",1.441,1.3618,1.2544,1.4477,1.3511,58,13,45
13-1023,0.7078,"Purchasing Agents, Except Wholesale, Retail, and Farm Products",1.5092,1.4957,1.1852,1.5153,1.3502,68,4,64
13-2081,0.7333,"Tax Examiners and Collectors, and Revenue Agents",1.3668,1.2532,1.3061,1.3742,1.3401,51,45,6
43-3061,0.7076,Procurement Clerks,1.4878,1.5899,1.1842,1.4941,1.3392,69,7,62
13-2053,0.7404,Insurance Underwriters,1.3267,1.262,1.3397,1.3344,1.3371,44,78,-34
41-9041,0.7839,Telemarketers,1.1181,1.9256,1.5459,1.1278,1.3369,17,147,-130
19-3011,0.7224,Environmental Economists,1.4038,1.3301,1.2546,1.4108,1.3327,57,27,30
11-3061,0.7156,Purchasing Managers,1.4234,1.3931,1.2222,1.4303,1.3262,63,22,41
43-3021,0.734,Billing and Posting Clerks,1.3335,1.1357,1.3094,1.3412,1.3253,49,74,-25
19-3022,0.7127,Survey Researchers,1.4265,1.2785,1.2084,1.4334,1.3209,66,21,45
13-2061,0.6916,Financial Examiners,1.5261,1.3576,1.1084,1.532,1.3202,95,2,93
27-3091,0.7771,Interpreters and Translators,1.1113,1.352,1.5137,1.1211,1.3174,19,148,-129
43-4021,0.7678,Correspondence Clerks,1.1498,1.1842,1.4696,1.1591,1.3144,23,134,-111
41-3011,0.7633,Advertising Sales Agents,1.1626,1.1221,1.4483,1.1719,1.3101,25,131,-106
19-4061,0.753,Social Science Research Assistants,1.2047,1.1259,1.3994,1.2135,1.3065,33,123,-90
13-1081,0.7316,Logistics Engineers,1.2973,1.0814,1.298,1.3053,1.3017,52,90,-38
19-2012,0.7198,Physicists,1.3457,1.0966,1.2421,1.3533,1.2977,60,60,0
11-3031,0.6979,Investment Fund Managers,1.4462,1.2946,1.1381,1.4529,1.2955,82,12,70
43-4061,0.7432,"Eligibility Interviewers, Government Programs",1.2263,1.4167,1.353,1.235,1.294,42,117,-75
43-4161,0.7136,"Human Resources Assistants, Except Payroll and Timekeeping",1.3531,1.4807,1.2127,1.3606,1.2867,65,51,14
27-3041,0.7604,Editors,1.1282,1.1906,1.4345,1.1378,1.2862,29,143,-114
41-3041,0.7588,Travel Agents,1.1336,1.2784,1.4269,1.1431,1.285,30,142,-112
19-3099,0.7181,Transportation Planners,1.328,1.0848,1.234,1.3358,1.2849,62,76,-14
43-4031,0.751,"Court, Municipal, and License Clerks",1.1663,1.3362,1.39,1.1755,1.2827,36,129,-93
25-1082,0.7029,"Library Science Teachers, Postsecondary",1.3863,1.6264,1.162,1.3935,1.2777,75,34,41
25-1125,0.6914,"History Teachers, Postsecondary",1.4375,1.8134,1.1075,1.4442,1.2759,96,15,81
13-2052,0.699,Personal Financial Advisors,1.4007,1.3957,1.1435,1.4078,1.2757,80,29,51
43-4011,0.7504,Brokerage Clerks,1.1449,1.0264,1.3871,1.1543,1.2707,38,138,-100
27-3043,0.7828,"Poets, Lyricists and Creative Writers",0.9879,1.1701,1.5407,0.9988,1.2697,18,178,-160
41-3031,0.7238,"Securities, Commodities, and Financial Services Sales Agents",1.2563,1.2599,1.261,1.2647,1.2629,56,110,-54
19-3041,0.6901,Sociologists,1.4111,1.7475,1.1013,1.4181,1.2597,98,25,73
17-2011,0.7044,Aerospace Engineers,1.3387,1.1168,1.1691,1.3464,1.2577,70,67,3
25-1126,0.6957,"Philosophy and Religion Teachers, Postsecondary",1.3635,1.7999,1.1278,1.3709,1.2494,89,47,42
29-9092,0.6595,Genetic Counselors,1.5277,1.4776,0.9563,1.5336,1.2449,163,1,162
25-1111,0.6876,"Criminal Justice and Law Enforcement Teachers, Postsecondary",1.39,1.7541,1.0894,1.3972,1.2433,108,31,77
17-2041,0.6973,Chemical Engineers,1.3413,0.906,1.1354,1.349,1.2422,84,65,19
41-3021,0.6968,Insurance Sales Agents,1.3413,1.4269,1.1331,1.3489,1.241,85,66,19
25-1123,0.6802,"English Language and Literature Teachers, Postsecondary",1.4178,1.8569,1.0544,1.4248,1.2396,122,24,98
15-2011,0.6558,Actuaries,1.5165,1.1996,0.9387,1.5225,1.2306,169,3,166
25-1065,0.6865,"Political Science Teachers, Postsecondary",1.3684,1.7696,1.0842,1.3758,1.23,110,42,68
25-1112,0.6884,"Law Teachers, Postsecondary",1.3564,1.8019,1.0932,1.3639,1.2286,101,50,51
19-1041,0.6715,Epidemiologists,1.4363,1.2842,1.0131,1.443,1.2281,142,17,125
25-1122,0.6879,"Communications Teachers, Postsecondary",1.3474,1.7017,1.0909,1.355,1.2229,105,57,48
11-9121,0.6918,Water Resource Specialists,1.3279,1.2413,1.1092,1.3357,1.2224,94,77,17
11-3111,0.6975,Compensation and Benefits Managers,1.2982,1.4667,1.1364,1.3063,1.2213,83,89,-6
25-1124,0.6882,"Foreign Language and Literature Teachers, Postsecondary",1.3341,1.8139,1.0923,1.3418,1.2171,103,71,32
25-1062,0.6933,"Area, Ethnic, and Cultural Studies Teachers, Postsecondary",1.3087,1.6688,1.1165,1.3166,1.2165,92,85,7
25-1063,0.6901,"Economics Teachers, Postsecondary",1.319,1.4619,1.1013,1.3268,1.2141,98,81,17
11-2021,0.6899,Marketing Managers,1.315,1.2038,1.1003,1.3229,1.2116,100,84,16
25-1022,0.6848,"Mathematical Science Teachers, Postsecondary",1.3387,1.4069,1.0762,1.3463,1.2113,113,68,45
41-9031,0.7248,Sales Engineers,1.1454,1.0259,1.2658,1.1548,1.2103,55,137,-82
25-1032,0.681,"Engineering Teachers, Postsecondary",1.3511,1.3372,1.0582,1.3587,1.2084,119,52,67
13-1071,0.6787,Human Resources Specialists,1.36,1.5575,1.0473,1.3675,1.2074,126,49,77
19-2021,0.6737,Atmospheric and Space Scientists,1.3739,1.2595,1.0236,1.3812,1.2024,135,40,95
25-1011,0.6783,"Business Teachers, Postsecondary",1.3493,1.6182,1.0454,1.3569,1.2011,127,53,74
23-1021,0.6702,"Administrative Law Judges, Adjudicators, and Hearing Officers",1.3747,1.5471,1.007,1.382,1.1945,146,39,107
13-1199,0.7379,Business Continuity Planners,1.0477,0.925,1.3277,1.058,1.1929,47,157,-110
27-3031,0.6882,Public Relations Specialists,1.2849,1.5176,1.0923,1.2931,1.1927,103,97,6
25-1067,0.6744,"Sociology Teachers, Postsecondary",1.3492,1.7705,1.0269,1.3568,1.1918,134,54,80
25-1061,0.6794,"Anthropology and Archeology Teachers, Postsecondary",1.3217,1.5343,1.0506,1.3295,1.19,124,79,45
25-1053,0.6734,"Environmental Science Teachers, Postsecondary",1.3475,1.6033,1.0221,1.3551,1.1886,136,56,80
25-9031,0.681,Instructional Coordinators,1.3019,1.3238,1.0582,1.3098,1.184,119,88,31
25-1064,0.6773,"Geography Teachers, Postsecondary",1.3189,1.6285,1.0406,1.3267,1.1837,130,82,48
11-2011,0.6819,Advertising and Promotions Managers,1.2944,1.2172,1.0624,1.3024,1.1824,117,92,25
43-5011,0.6549,Freight Forwarders,1.4054,1.2545,0.9345,1.4125,1.1735,170,26,144
43-4051,0.7483,Customer Service Representatives,0.9563,1.0759,1.3772,0.9674,1.1723,39,184,-145
41-1012,0.673,First-Line Supervisors of Non-Retail Sales Workers,1.3162,1.2586,1.0202,1.3241,1.1721,139,83,56
11-1011,0.669,Chief Sustainability Officers,1.3342,1.3089,1.0015,1.3419,1.1717,147,70,77
25-1031,0.6908,"Architecture Teachers, Postsecondary",1.222,1.2463,1.1046,1.2307,1.1677,97,118,-21
25-1051,0.6726,"Atmospheric, Earth, Marine, and Space Sciences Teachers, Postsecondary",1.3062,1.5219,1.0183,1.3141,1.1662,141,86,55
25-1066,0.6668,"Psychology Teachers, Postsecondary",1.3337,1.7165,0.9909,1.3414,1.1661,151,73,78
17-3011,0.7521,Architectural and Civil Drafters,0.9234,0.5539,1.3952,0.9348,1.165,35,190,-155
17-2031,0.7386,Bioengineers and Biomedical Engineers,0.9874,0.7338,1.3312,0.9983,1.1647,45,179,-134
19-3051,0.6879,Urban and Regional Planners,1.2275,1.0755,1.0909,1.2362,1.1635,105,116,-11
17-2161,0.6711,Nuclear Engineers,1.303,1.0731,1.0112,1.311,1.1611,143,87,56
25-1113,0.6614,"Social Work Teachers, Postsecondary",1.3473,1.7388,0.9653,1.3549,1.1601,161,58,103
13-1131,0.6816,Fundraisers,1.2426,1.4047,1.061,1.2511,1.1561,118,112,6
25-1043,0.6762,"Forestry and Conservation Science Teachers, Postsecondary",1.2603,1.5629,1.0354,1.2686,1.152,132,107,25
13-1031,0.6731,"Claims Adjusters, Examiners, and Investigators",1.274,1.1062,1.0207,1.2823,1.1515,137,104,33
19-3092,0.6388,Geographers,1.4363,1.3631,0.8581,1.4431,1.1506,189,16,173
19-1011,0.7204,Animal Scientists,1.0414,0.9717,1.2449,1.0517,1.1483,59,160,-101
19-3032,0.6446,Industrial-Organizational Psychologists,1.4025,1.427,0.8856,1.4095,1.1476,182,28,154
25-1081,0.6877,"Education Teachers, Postsecondary",1.193,1.6237,1.0899,1.202,1.1459,107,125,-18
41-9021,0.6963,Real Estate Brokers,1.1497,1.348,1.1307,1.1591,1.1449,87,135,-48
17-2112,0.6983,Industrial Engineers,1.1379,0.9051,1.1402,1.1474,1.1438,81,141,-60
25-1192,0.6828,"Family and Consumer Sciences Teachers, Postsecondary",1.2117,1.4677,1.0667,1.2205,1.1436,116,121,-5
23-1022,0.6356,"Arbitrators, Mediators, and Conciliators",1.4316,1.6472,0.843,1.4384,1.1407,194,19,175
19-2011,0.6472,Astronomers,1.3737,1.0348,0.898,1.3811,1.1395,178,41,137
17-3012,0.7439,Electrical and Electronics Drafters,0.9102,0.6755,1.3563,0.9217,1.139,41,191,-150
19-3093,0.7013,Historians,1.0989,1.4907,1.1544,1.1088,1.1316,77,151,-74
43-3011,0.6643,Bill and Account Collectors,1.272,1.2702,0.979,1.2803,1.1296,155,105,50
17-2051,0.6618,Water/Wastewater Engineers,1.2829,0.9268,0.9672,1.291,1.1291,159,99,60
17-2151,0.6474,"Mining and Geological Engineers, Including Mining Safety Engineers",1.347,1.0314,0.8989,1.3545,1.1267,177,59,118
43-5032,0.6709,"Dispatchers, Except Police, Fire, and Ambulance",1.2345,1.128,1.0103,1.2431,1.1267,144,114,30
25-1193,0.6847,"Recreation and Fitness Studies Teachers, Postsecondary",1.1649,1.4293,1.0757,1.1741,1.1249,114,130,-16
13-1151,0.6762,Training and Development Specialists,1.1984,1.3229,1.0354,1.2073,1.1214,132,124,8
11-9033,0.6186,"Education Administrators, Postsecondary",1.4611,1.5449,0.7624,1.4677,1.115,219,11,208
19-2041,0.7118,Climate Change Policy Analysts,1.0141,0.8703,1.204,1.0247,1.1144,67,172,-105
43-6013,0.669,Medical Secretaries and Administrative Assistants,1.218,1.2978,1.0013,1.2267,1.114,148,119,29
17-2081,0.6426,Environmental Engineers,1.3436,1.044,0.8761,1.3512,1.1137,184,62,122
11-3131,0.6545,Training and Development Managers,1.2844,1.3368,0.9326,1.2926,1.1126,172,98,74
43-4141,0.6772,New Accounts Clerks,1.175,1.201,1.0402,1.1841,1.1122,131,128,3
43-6011,0.6961,Executive Secretaries and Executive Administrative Assistants,1.0796,1.106,1.1297,1.0897,1.1097,88,152,-64
43-3071,0.8204,Tellers,0.4728,0.4311,1.7189,0.4883,1.1036,8,257,-249
25-1052,0.6396,"Chemistry Teachers, Postsecondary",1.3339,1.4499,0.8619,1.3416,1.1018,187,72,115
19-2099,0.6791,Remote Sensing Scientists and Technologists,1.1402,0.9125,1.0492,1.1496,1.0994,125,140,-15
43-6012,0.7038,Legal Secretaries and Administrative Assistants,1.0145,1.1494,1.1662,1.0252,1.0957,72,171,-99
19-1042,0.648,"Medical Scientists, Except Epidemiologists",1.2799,1.1672,0.9017,1.2881,1.0949,176,102,74
23-1023,0.6022,"Judges, Magistrate Judges, and Magistrates",1.4965,1.6463,0.6847,1.5027,1.0937,236,6,230
11-3021,0.6928,Computer and Information Systems Managers,1.0599,0.9451,1.1141,1.0701,1.0921,93,155,-62
19-2042,0.7627,"Geoscientists, Except Hydrologists and Geographers",0.7143,0.5673,1.4454,0.7277,1.0866,26,223,-197
19-1029,0.6996,Bioinformatics Scientists,1.0102,0.8829,1.1463,1.0208,1.0836,79,174,-95
25-3011,0.6279,"Adult Basic Education, Adult Secondary Education, and English as a Second Language Instructors",1.349,1.4401,0.8065,1.3565,1.0815,208,55,153
25-1042,0.6527,"Biological Science Teachers, Postsecondary",1.2277,1.4925,0.924,1.2363,1.0802,174,115,59
11-9111,0.6427,Medical and Health Services Managers,1.2603,1.315,0.8766,1.2686,1.0726,183,108,75
43-4111,0.6347,"Interviewers, Except Eligibility and Loan",1.297,1.4486,0.8387,1.3051,1.0719,196,91,105
11-3121,0.6281,Human Resources Managers,1.3204,1.3592,0.8074,1.3282,1.0678,207,80,127
17-3013,0.7276,Mechanical Drafters,0.841,0.3818,1.279,0.8532,1.0661,54,203,-149
25-1021,0.6341,"Computer Science Teachers, Postsecondary",1.2778,1.3904,0.8359,1.286,1.0609,198,103,95
23-1011,0.6211,Lawyers,1.3288,1.454,0.7742,1.3365,1.0554,217,75,142
17-2141,0.6868,Automotive Engineers,1.0047,0.678,1.0857,1.0154,1.0505,109,175,-66
11-9161,0.6803,Emergency Management Directors,1.0308,0.901,1.0548,1.0412,1.048,121,167,-46
17-2061,0.656,Computer Hardware Engineers,1.1418,0.9769,0.9397,1.1513,1.0455,168,139,29
17-2171,0.6333,Petroleum Engineers,1.2478,1.0331,0.8321,1.2563,1.0442,199,111,88
29-1031,0.6133,Dietitians and Nutritionists,1.3428,1.3639,0.7373,1.3504,1.0438,225,63,162
43-6014,0.6619,"Secretaries and Administrative Assistants, Except Legal, Medical, and Executive",1.0991,1.2542,0.9676,1.1089,1.0383,158,150,8
41-4011,0.7034,"Sales Representatives, Wholesale and Manufacturing, Technical and Scientific Products",0.8912,0.9531,1.1643,0.9029,1.0336,73,194,-121
27-4032,0.6782,Film and Video Editors,0.9857,0.6567,1.0449,0.9966,1.0207,128,180,-52
19-3039,0.5921,Neuropsychologists,1.3899,1.3299,0.637,1.397,1.017,249,33,216
17-1011,0.6615,"Architects, Except Landscape and Naval",1.0471,0.6104,0.9657,1.0575,1.0116,160,158,2
43-9031,0.8041,Desktop Publishers,0.3438,-0.065,1.6416,0.3605,1.0011,10,273,-263
21-2021,0.6224,"Directors, Religious Activities and Education",1.2109,1.355,0.7804,1.2197,1.0001,215,122,93
43-1011,0.6578,First-Line Supervisors of Office and Administrative Support Workers,1.0387,1.1343,0.9482,1.0491,0.9986,165,162,3
13-1022,0.7031,"Wholesale and Retail Buyers, Except Farm Products",0.8188,0.7912,1.1629,0.8312,0.9971,74,210,-136
25-9021,0.6943,Farm and Home Management Educators,0.8604,0.7839,1.1212,0.8724,0.9968,91,200,-109
13-1075,0.5941,Labor Relations Specialists,1.3348,1.4314,0.6463,1.3425,0.9944,247,69,178
19-2032,0.657,Materials Scientists,1.0328,0.7858,0.9444,1.0432,0.9938,167,165,2
11-9151,0.6306,Social and Community Service Managers,1.1562,1.2252,0.8193,1.1655,0.9924,201,132,69
11-9141,0.6175,"Property, Real Estate, and Community Association Managers",1.2154,1.2146,0.7572,1.2242,0.9907,221,120,101
25-1071,0.6782,"Health Specialties Teachers, Postsecondary",0.9248,1.2256,1.0449,0.9362,0.9905,128,189,-61
17-2071,0.6351,Electrical Engineers,1.1267,0.9011,0.8406,1.1363,0.9885,195,144,51
25-1054,0.6519,"Physics Teachers, Postsecondary",1.0442,1.2402,0.9202,1.0545,0.9874,175,159,16
11-9199,0.6679,Compliance Managers,0.9647,0.91,0.996,0.9758,0.9859,149,183,-34
43-9022,0.7382,Word Processors and Typists,0.622,0.5072,1.3293,0.6362,0.9827,46,237,-191
27-1024,0.7185,Graphic Designers,0.7157,0.5274,1.2359,0.729,0.9825,61,222,-161
17-1021,0.6952,Cartographers and Photogrammetrists,0.817,0.4723,1.1255,0.8294,0.9774,90,211,-121
19-1013,0.7338,Soil and Plant Scientists,0.6321,0.6092,1.3084,0.6462,0.9773,50,235,-185
17-2111,0.657,"Health and Safety Engineers, Except Mining Safety Engineers and Inspectors",0.9949,0.7644,0.9446,1.0057,0.9752,166,176,-10
41-9022,0.6832,Real Estate Sales Agents,0.8649,0.7013,1.0686,0.8769,0.9728,115,199,-84
17-3022,0.6673,Civil Engineering Technologists and Technicians,0.9323,0.5532,0.9932,0.9437,0.9685,150,188,-38
17-2199,0.6967,Robotics Engineers,0.7876,0.5808,1.1328,0.8003,0.9665,86,213,-127
11-2022,0.5958,Sales Managers,1.2663,1.2938,0.6543,1.2746,0.9645,245,106,139
41-4012,0.6882,"Sales Representatives, Wholesale and Manufacturing, Except Technical and Scientific Products",0.8225,1.039,1.0923,0.8348,0.9636,103,209,-106
27-1025,0.6226,Interior Designers,1.1217,0.8219,0.7814,1.1313,0.9563,214,145,69
11-9021,0.6419,Construction Managers,1.0291,0.6362,0.8728,1.0396,0.9562,185,168,17
43-4151,0.6802,Order Clerks,0.8389,0.7611,1.0544,0.8511,0.9527,122,204,-82
25-2022,0.5855,"Middle School Teachers, Except Special and Career/Technical Education",1.2864,1.2843,0.6055,1.2946,0.95,253,96,157
25-2031,0.6051,"Secondary School Teachers, Except Special and Career/Technical Education",1.1913,1.2485,0.6984,1.2003,0.9494,231,126,105
27-1011,0.6378,Art Directors,1.0225,0.7273,0.8534,1.0331,0.9432,192,169,23
11-9032,0.6297,"Education Administrators, Kindergarten through Secondary",1.0488,1.1994,0.815,1.0591,0.9371,203,156,47
43-5061,0.7008,"Production, Planning, and Expediting Clerks",0.6999,0.6614,1.152,0.7134,0.9327,78,225,-147
13-1021,0.6855,"Buyers and Purchasing Agents, Farm Products",0.7687,0.7368,1.0795,0.7816,0.9305,112,216,-104
13-1032,0.7044,"Insurance Appraisers, Auto Damage",0.6635,0.5821,1.1691,0.6773,0.9232,70,232,-162
17-1012,0.6239,Landscape Architects,1.0344,0.8364,0.7875,1.0448,0.9162,211,164,47
11-9041,0.6644,Biofuels/Biodiesel Technology and Product Development Managers,0.837,0.6474,0.9797,0.8492,0.9145,154,206,-52
11-9071,0.6647,Gambling Managers,0.8299,0.7193,0.9809,0.8422,0.9116,153,207,-54
43-4171,0.6245,Receptionists and Information Clerks,1.0132,1.0329,0.7904,1.0238,0.9071,210,173,37
41-9091,0.6022,"Door-to-Door Sales Workers, News and Street Vendors, and Related Workers",1.1071,1.5115,0.6847,1.1169,0.9008,236,149,87
25-1041,0.6707,"Agricultural Sciences Teachers, Postsecondary",0.7547,1.1542,1.0093,0.7677,0.8885,145,218,-73
43-9061,0.6207,"Office Clerks, General",0.9889,0.9109,0.7723,0.9997,0.886,218,177,41
19-1021,0.637,Biochemists and Biophysicists,0.9061,0.7935,0.8496,0.9177,0.8836,193,193,0
21-2011,0.5582,Clergy,1.2826,1.4701,0.4761,1.2907,0.8834,277,100,177
11-3071,0.6398,Supply Chain Managers,0.8908,0.9045,0.8631,0.9025,0.8828,186,195,-9
19-1012,0.659,Food Scientists and Technologists,0.7944,0.5725,0.9539,0.807,0.8804,164,212,-48
17-2021,0.6264,Agricultural Engineers,0.941,0.6895,0.7994,0.9523,0.8758,209,185,24
17-2131,0.6036,Materials Engineers,1.0373,0.7805,0.6913,1.0477,0.8695,233,163,70
29-1127,0.5807,Speech-Language Pathologists,1.1463,1.3433,0.5827,1.1557,0.8692,259,136,123
11-9031,0.638,"Education and Childcare Administrators, Preschool and Daycare",0.838,0.9672,0.8543,0.8502,0.8523,190,205,-15
13-1011,0.5888,"Agents and Business Managers of Artists, Performers, and Athletes",1.0686,1.2476,0.6211,1.0787,0.8499,252,153,99
13-1041,0.666,Regulatory Affairs Specialists,0.6981,0.5718,0.9871,0.7116,0.8493,152,226,-74
27-3011,0.6329,Broadcast Announcers and Radio Disc Jockeys,0.8494,1.1237,0.8302,0.8615,0.8458,200,202,-2
17-2072,0.6632,"Electronics Engineers, Except Computer",0.6655,0.4569,0.9738,0.6793,0.8265,156,231,-75
19-3091,0.6547,Anthropologists and Archeologists,0.6966,0.7388,0.9335,0.7101,0.8218,171,227,-56
21-1013,0.5133,Marriage and Family Therapists,1.3674,1.4731,0.2633,1.3748,0.8191,315,44,271
27-1021,0.6129,Commercial and Industrial Designers,0.867,0.5599,0.7354,0.879,0.8072,226,198,28
11-9131,0.6169,Postmasters and Mail Superintendents,0.8234,0.8657,0.7543,0.8357,0.795,222,208,14
25-1121,0.6295,"Art, Drama, and Music Teachers, Postsecondary",0.7583,1.0074,0.8141,0.7712,0.7926,205,217,-12
21-1014,0.5047,Mental Health Counselors,1.3424,1.5369,0.2225,1.35,0.7863,320,64,256
21-1012,0.5723,"Educational, Guidance, and Career Counselors and Advisors",0.9739,1.1964,0.5429,0.9849,0.7639,264,182,82
43-5031,0.585,Public Safety Telecommunicators,0.9074,0.7744,0.6031,0.919,0.7611,254,192,62
27-1014,0.6237,Special Effects Artists and Animators,0.7059,0.4318,0.7866,0.7193,0.7529,213,224,-11
27-2012,0.574,Producers and Directors,0.9388,0.8598,0.5508,0.9501,0.7504,262,186,76
19-2043,0.6342,Hydrologists,0.6405,0.5549,0.8363,0.6545,0.7454,197,233,-36
43-9021,0.7029,Data Entry Keyers,0.3108,0.1723,1.162,0.3279,0.7449,75,275,-200
25-1072,0.6597,"Nursing Instructors and Teachers, Postsecondary",0.5171,0.7438,0.9572,0.5322,0.7447,162,249,-87
41-2012,0.7745,Gambling Change Persons and Booth Cashiers,-0.0501,-0.1039,1.5013,-0.0297,0.7358,22,331,-309
53-2021,0.523,Air Traffic Controllers,1.1528,0.6477,0.3093,1.1622,0.7357,307,133,174
33-9021,0.6072,Private Detectives and Investigators,0.7483,0.6148,0.7084,0.7614,0.7349,229,219,10
25-2021,0.5779,"Elementary School Teachers, Except Special Education",0.8869,1.0166,0.5695,0.8987,0.7341,260,196,64
43-2011,0.554,"Switchboard Operators, Including Answering Service",0.9833,1.2444,0.4562,0.9942,0.7252,279,181,98
25-4012,0.6044,Curators,0.7367,0.6559,0.6951,0.7498,0.7225,232,220,12
53-6041,0.6729,Traffic Technicians,0.3996,0.1289,1.0198,0.4158,0.7178,140,265,-125
17-2121,0.6391,Marine Engineers and Naval Architects,0.5472,0.3434,0.8596,0.5621,0.7108,188,245,-57
25-4011,0.6067,Archivists,0.6766,0.6929,0.706,0.6903,0.6981,230,230,0
43-2021,0.5325,Telephone Operators,1.0197,1.4117,0.3543,1.0303,0.6923,298,170,128
21-1091,0.5981,Health Education Specialists,0.6917,0.9684,0.6652,0.7052,0.6852,243,229,14
11-1021,0.6219,General and Operations Managers,0.5749,0.6776,0.778,0.5895,0.6838,216,243,-27
43-3041,0.6534,Gambling Cage Workers,0.4027,0.4955,0.9273,0.4189,0.6731,173,263,-90
17-3031,0.7152,Surveying and Mapping Technicians,0.0852,-0.2902,1.2203,0.1043,0.6623,64,307,-243
29-1051,0.6025,Pharmacists,0.6059,0.5706,0.6861,0.6202,0.6531,235,241,-6
21-1023,0.4912,Mental Health and Substance Abuse Social Workers,1.1192,1.2532,0.1585,1.1289,0.6437,329,146,183
25-3021,0.6147,Self-Enrichment Teachers,0.5264,0.8248,0.7439,0.5414,0.6427,224,247,-23
19-4099,0.629,Remote Sensing Technicians,0.4501,0.1762,0.8114,0.4659,0.6387,206,261,-55
17-1022,0.6864,Geodetic Surveyors,0.1461,-0.1213,1.0838,0.1646,0.6242,111,298,-187
19-1022,0.5715,Microbiologists,0.6956,0.4742,0.5391,0.7091,0.6241,266,228,38
27-1022,0.5951,Fashion Designers,0.5802,0.5078,0.651,0.5947,0.6229,246,242,4
21-1011,0.5004,Substance Abuse and Behavioral Disorder Counselors,1.0308,1.2039,0.2021,1.0413,0.6217,325,166,159
21-1022,0.5193,Healthcare Social Workers,0.934,1.0936,0.2917,0.9453,0.6185,309,187,122
19-1023,0.6469,Zoologists and Wildlife Biologists,0.3176,0.3267,0.8965,0.3346,0.6156,179,274,-95
25-2023,0.6004,"Career/Technical Education Teachers, Middle School",0.5199,0.647,0.6761,0.5351,0.6056,241,248,-7
33-9031,0.5535,Gambling Surveillance Officers and Gambling Investigators,0.7284,0.4327,0.4538,0.7416,0.5977,280,221,59
21-1021,0.5427,"Child, Family, and School Social Workers",0.7762,0.9571,0.4026,0.789,0.5958,289,214,75
43-4071,0.6451,File Clerks,0.284,0.2403,0.888,0.3013,0.5946,181,278,-97
11-3051,0.591,Quality Control Systems Managers,0.5087,0.3543,0.6314,0.5239,0.5777,250,250,0
27-4014,0.5971,Sound Engineering Technicians,0.4715,0.3385,0.6605,0.4871,0.5738,244,258,-14
13-1121,0.6156,"Meeting, Convention, and Event Planners",0.374,0.5131,0.7482,0.3905,0.5693,223,268,-45
47-4011,0.6296,Energy Auditors,0.286,0.0677,0.8148,0.3033,0.559,204,277,-73
17-3026,0.5609,Industrial Engineering Technologists and Technicians,0.6107,0.3474,0.4887,0.625,0.5568,273,238,35
25-2032,0.6008,"Career/Technical Education Teachers, Secondary School",0.3735,0.4223,0.678,0.3899,0.534,238,269,-31
41-2021,0.6621,Counter and Rental Clerks,0.0784,0.1427,0.9686,0.0976,0.5331,157,309,-152
27-2041,0.4894,Music Directors and Composers,0.883,1.0317,0.15,0.8948,0.5224,331,197,134
29-1181,0.5376,Audiologists,0.6329,0.6955,0.3785,0.647,0.5127,293,234,59
11-9081,0.5832,Lodging Managers,0.4022,0.464,0.5946,0.4184,0.5065,257,264,-7
21-1015,0.5591,Rehabilitation Counselors,0.5025,0.8347,0.4804,0.5178,0.4991,275,252,23
19-1031,0.6463,Conservation Scientists,0.069,0.0744,0.8937,0.0883,0.491,180,311,-131
17-3023,0.5845,Electrical and Electronic Engineering Technologists and Technicians,0.3515,0.078,0.6008,0.3682,0.4845,255,272,-17
25-1194,0.618,"Career/Technical Education Teachers, Postsecondary",0.1622,0.3902,0.7595,0.1806,0.4701,220,294,-74
43-4081,0.5177,"Hotel, Motel, and Resort Desk Clerks",0.6063,0.7106,0.2841,0.6207,0.4524,310,240,70
21-1092,0.5312,Probation Officers and Correctional Treatment Specialists,0.5272,0.8968,0.3481,0.5423,0.4452,299,246,53
19-2031,0.5356,Chemists,0.5011,0.3266,0.369,0.5164,0.4427,295,254,41
39-3012,0.5393,Gambling and Sports Book Writers and Runners,0.4653,0.3654,0.3865,0.4809,0.4337,292,259,33
19-4092,0.5814,Forensic Science Technicians,0.2401,0.0104,0.5861,0.2577,0.4219,258,281,-23
51-8011,0.4692,Nuclear Power Reactor Operators,0.7705,0.4088,0.0542,0.7834,0.4188,349,215,134
25-2012,0.5507,"Kindergarten Teachers, Except Special Education",0.3644,0.6531,0.4405,0.381,0.4108,283,270,13
25-2051,0.5452,"Special Education Teachers, Preschool",0.3751,0.6547,0.4145,0.3915,0.403,287,267,20
41-2011,0.6731,Cashiers,-0.2481,-0.1075,1.0207,-0.2259,0.3974,137,368,-231
41-2031,0.6026,Retail Salespersons,0.0873,0.3574,0.6866,0.1064,0.3965,234,305,-71
43-4181,0.5719,Reservation and Transportation Ticket Agents and Travel Clerks,0.2273,0.4228,0.541,0.2451,0.3931,265,284,-19
25-4031,0.608,Library Technicians,0.038,0.1795,0.7121,0.0575,0.3848,228,318,-90
11-9051,0.6379,Food Service Managers,-0.1213,0.0615,0.8539,-0.1003,0.3768,191,342,-151
41-1011,0.6006,First-Line Supervisors of Retail Sales Workers,0.0192,0.2011,0.6771,0.0389,0.358,239,322,-83
41-9011,0.5743,Demonstrators and Product Promoters,0.1236,0.3342,0.5524,0.1423,0.3474,261,299,-38
45-2011,0.5636,Agricultural Inspectors,0.1705,-0.0081,0.5017,0.1888,0.3453,270,291,-21
33-3021,0.5504,Intelligence Analysts,0.2258,0.1511,0.439,0.2436,0.3413,284,285,-1
53-2022,0.4887,Airfield Operations Specialists,0.4846,0.2458,0.1467,0.5,0.3234,332,255,77
39-7012,0.4618,Travel Guides,0.6084,0.5527,0.0192,0.6227,0.3209,353,239,114
17-3027,0.61,Mechanical Engineering Technologists and Technicians,-0.1192,-0.2737,0.7214,-0.0983,0.3116,227,341,-114
51-8012,0.4771,Power Distributors and Dispatchers,0.5012,0.2566,0.0917,0.5165,0.3041,344,253,91
17-3025,0.5703,Environmental Engineering Technologists and Technicians,0.0438,-0.1238,0.5335,0.0633,0.2984,268,317,-49
19-4021,0.5138,Biological Technicians,0.3012,0.1328,0.2656,0.3184,0.292,314,276,38
39-7011,0.5013,Tour Guides and Escorts,0.3571,0.7356,0.2064,0.3737,0.2901,323,271,52
39-6012,0.3959,Concierges,0.8558,1.0708,-0.2932,0.8679,0.2874,399,201,198
21-1093,0.4752,Social and Human Service Assistants,0.4652,0.5574,0.0827,0.4809,0.2818,346,260,86
29-2052,0.5678,Pharmacy Technicians,0.007,-0.0234,0.5216,0.0268,0.2742,269,323,-54
41-2022,0.5923,Parts Salespersons,-0.1185,-0.0136,0.6377,-0.0975,0.2701,248,340,-92
51-1011,0.5843,First-Line Supervisors of Production and Operating Workers,-0.0845,-0.037,0.5998,-0.0639,0.268,256,337,-81
19-1032,0.6006,Foresters,-0.1844,-0.1961,0.6771,-0.1628,0.2571,239,354,-115
29-1122,0.5344,"Low Vision Therapists, Orientation and Mobility Specialists, and Vision Rehabilitation Therapists",0.1152,0.2657,0.3631,0.134,0.2485,296,302,-6
27-4012,0.5304,Broadcast Technicians,0.1222,-0.1106,0.3443,0.141,0.2427,301,300,1
29-1171,0.515,Nurse Practitioners,0.1901,0.3017,0.2713,0.2082,0.2398,313,290,23
17-3021,0.4662,Aerospace Engineering and Operations Technologists and Technicians,0.3909,0.2008,0.04,0.4073,0.2236,350,266,84
29-1125,0.5017,Recreational Therapists,0.219,0.401,0.2083,0.2369,0.2226,322,286,36
39-9041,0.4462,Residential Advisors,0.4746,0.7106,-0.0548,0.4902,0.2177,364,256,108
33-9099,0.5292,Retail Loss Prevention Specialists,0.0764,-0.0172,0.3386,0.0956,0.2171,303,310,-7
29-1141,0.4967,Clinical Nurse Specialists,0.2294,0.2724,0.1848,0.2472,0.216,326,283,43
49-1011,0.5487,"First-Line Supervisors of Mechanics, Installers, and Repairers",-0.0205,-0.1143,0.4311,-0.0004,0.2153,286,327,-41
27-2022,0.5166,Coaches and Scouts,0.1169,0.3189,0.2789,0.1357,0.2073,312,301,11
33-2021,0.5267,Fire Inspectors and Investigators,0.0628,-0.1517,0.3268,0.0821,0.2044,304,314,-10
29-2051,0.5592,Dietetic Technicians,-0.126,-0.1277,0.4808,-0.105,0.1879,274,343,-69
27-4011,0.5341,Audio and Video Technicians,-0.0118,-0.1205,0.3619,0.0082,0.185,297,326,-29
27-1027,0.5365,Set and Exhibit Designers,-0.0519,-0.1603,0.3732,-0.0316,0.1708,294,332,-38
43-4121,0.4813,"Library Assistants, Clerical",0.2039,0.2762,0.1116,0.2219,0.1668,338,287,51
29-1161,0.4783,Nurse Midwives,0.1966,0.3052,0.0974,0.2147,0.156,343,288,55
35-1012,0.573,First-Line Supervisors of Food Preparation and Serving Workers,-0.2575,-0.1501,0.5463,-0.2353,0.1555,263,369,-106
29-1081,0.3805,Podiatrists,0.6279,0.5537,-0.3662,0.6421,0.1379,413,236,177
33-1012,0.5516,First-Line Supervisors of Police and Detectives,-0.1923,-0.1962,0.4448,-0.1707,0.1371,282,359,-77
31-9095,0.5426,Pharmacy Aides,-0.1553,-0.0285,0.4022,-0.134,0.1341,290,346,-56
19-4031,0.4952,Chemical Technicians,0.0628,-0.094,0.1775,0.0821,0.1298,327,313,14
21-1094,0.5005,Community Health Workers,0.0371,0.1348,0.2026,0.0567,0.1296,324,319,5
35-9031,0.5171,"Hosts and Hostesses, Restaurant, Lounge, and Coffee Shop",-0.0565,0.1822,0.2813,-0.0361,0.1226,311,333,-22
27-2023,0.5119,"Umpires, Referees, and Other Sports Officials",-0.0326,-0.1455,0.2566,-0.0124,0.1221,317,329,-12
29-1011,0.5449,Chiropractors,-0.1912,0.0516,0.4131,-0.1695,0.1218,288,358,-70
35-1011,0.5573,Chefs and Head Cooks,-0.2676,-0.172,0.4718,-0.2453,0.1133,278,372,-94
11-9013,0.5307,"Farmers, Ranchers, and Other Agricultural Managers",-0.1444,-0.1585,0.3458,-0.1232,0.1113,300,345,-45
25-2011,0.4938,"Preschool Teachers, Except Special Education",0.0306,0.3223,0.1708,0.0502,0.1105,328,321,7
39-9032,0.5499,Recreation Workers,-0.2441,0.097,0.4368,-0.222,0.1074,285,367,-82
29-1041,0.3918,Optometrists,0.504,0.2003,-0.3126,0.5193,0.1033,403,251,152
51-5111,0.4087,Prepress Technicians and Workers,0.4108,-0.0015,-0.2325,0.4269,0.0972,389,262,127
29-1023,0.4587,Orthodontists,0.1617,0.0205,0.0045,0.1801,0.0923,356,295,61
53-4031,0.5899,Railroad Conductors and Yardmasters,-0.4663,-0.5791,0.6264,-0.4421,0.0921,251,405,-154
25-2059,0.6303,Adapted Physical Education Specialists,-0.6633,-0.2361,0.8178,-0.6373,0.0903,202,453,-251
17-3029,0.448,Non-Destructive Testing Specialists,0.1941,-0.0793,-0.046,0.2122,0.0831,363,289,74
53-2012,0.5198,Commercial Pilots,-0.1817,-0.6444,0.2941,-0.1602,0.0669,308,352,-44
29-1123,0.5532,Physical Therapists,-0.3582,-0.0588,0.4524,-0.335,0.0587,281,385,-104
29-2011,0.419,Cytogenetic Technologists,0.2818,-0.0423,-0.1835,0.2991,0.0578,382,279,103
31-9099,0.4371,Speech-Language Pathology Assistants,0.166,0.2521,-0.0979,0.1844,0.0432,369,293,76
29-9099,0.423,Midwives,0.2296,0.2786,-0.1647,0.2473,0.0413,378,282,96
33-3031,0.5631,Fish and Game Wardens,-0.4585,-0.5055,0.4993,-0.4344,0.0324,271,402,-131
39-3091,0.5704,Amusement and Recreation Attendants,-0.5246,-0.2293,0.5339,-0.4999,0.017,267,420,-153
43-5051,0.5631,Postal Service Clerks,-0.5187,-0.2835,0.4993,-0.4941,0.0026,271,419,-148
31-9092,0.423,Medical Assistants,0.1498,0.2356,-0.1647,0.1683,0.0018,378,297,81
29-2081,0.4269,"Opticians, Dispensing",0.1014,0.0286,-0.1463,0.1204,-0.0129,375,304,71
47-1011,0.5095,Solar Energy Installation Managers,-0.3054,-0.3599,0.2453,-0.2827,-0.0187,319,379,-60
39-3011,0.4314,Gambling Dealers,0.0606,0.0303,-0.1249,0.0799,-0.0225,373,315,58
29-1128,0.4489,Exercise Physiologists,-0.0332,0.3066,-0.042,-0.013,-0.0275,361,330,31
39-3031,0.4881,"Ushers, Lobby Attendants, and Ticket Takers",-0.2421,-0.1113,0.1438,-0.22,-0.0381,334,366,-32
29-2091,0.4232,Orthotists and Prosthetists,0.0666,0.1256,-0.1638,0.0859,-0.039,377,312,65
29-2092,0.3176,Hearing Aid Specialists,0.5649,0.4585,-0.6643,0.5796,-0.0424,463,244,219
53-6051,0.4728,Transportation Inspectors,-0.1838,-0.3176,0.0712,-0.1622,-0.0455,347,353,-6
29-1131,0.4487,Veterinarians,-0.075,-0.0843,-0.0429,-0.0544,-0.0487,362,335,27
19-4051,0.3885,Nuclear Technicians,0.1697,-0.0905,-0.328,0.188,-0.07,406,292,114
53-5021,0.5032,"Captains, Mates, and Pilots of Water Vessels",-0.4282,-0.793,0.2154,-0.4044,-0.0945,321,396,-75
37-1012,0.5293,"First-Line Supervisors of Landscaping, Lawn Service, and Groundskeeping Workers",-0.5549,-0.4856,0.3391,-0.5299,-0.0954,302,428,-126
33-2022,0.4572,Forest Fire Inspectors and Prevention Specialists,-0.2144,-0.3419,-0.0026,-0.1926,-0.0976,358,362,-4
17-3024,0.4756,Electro-Mechanical and Mechatronics Technologists and Technicians,-0.3041,-0.5685,0.0848,-0.2814,-0.0983,345,378,-33
33-3041,0.541,Parking Enforcement Workers,-0.624,-0.6274,0.3946,-0.5984,-0.1019,291,445,-154
37-1011,0.5263,First-Line Supervisors of Housekeeping and Janitorial Workers,-0.5854,-0.3669,0.3249,-0.5602,-0.1176,305,435,-130
43-5071,0.5591,"Shipping, Receiving, and Inventory Clerks",-0.7463,-0.7375,0.4804,-0.7196,-0.1196,275,474,-199
29-1151,0.3517,Nurse Anesthetists,0.2413,0.1344,-0.5027,0.259,-0.1218,434,280,154
53-2011,0.4423,"Airline Pilots, Copilots, and Flight Engineers",-0.2071,-0.7585,-0.0733,-0.1853,-0.1293,365,360,5
43-5041,0.6001,"Meter Readers, Utilities",-0.9724,-1.027,0.6747,-0.9436,-0.1345,242,542,-300
49-2094,0.4882,"Electrical and Electronics Repairers, Commercial and Industrial Equipment",-0.4632,-0.7028,0.1443,-0.4391,-0.1474,333,404,-71
45-1011,0.4912,"First-Line Supervisors of Farming, Fishing, and Forestry Workers",-0.4792,-0.5576,0.1585,-0.4549,-0.1482,329,408,-79
25-4013,0.41,Museum Technicians and Conservators,-0.0912,-0.1107,-0.2264,-0.0705,-0.1484,388,339,49
41-9012,0.6238,Models,-1.122,-0.5034,0.787,-1.0919,-0.1524,212,582,-370
39-3092,0.4809,Costume Attendants,-0.4534,-0.2959,0.1097,-0.4293,-0.1598,341,401,-60
39-4031,0.4226,"Morticians, Undertakers, and Funeral Arrangers",-0.1904,-0.1144,-0.1666,-0.1687,-0.1677,380,357,23
29-2031,0.4002,Cardiovascular Technologists and Technicians,-0.091,-0.1313,-0.2728,-0.0702,-0.1715,396,338,58
27-4021,0.414,Photographers,-0.1681,-0.3821,-0.2074,-0.1467,-0.177,385,349,36
29-1071,0.3562,Physician Assistants,0.1059,0.0402,-0.4814,0.1248,-0.1783,433,303,130
49-9062,0.4348,Medical Equipment Repairers,-0.2769,-0.5368,-0.1088,-0.2545,-0.1816,370,374,-4
53-6061,0.4549,Passenger Attendants,-0.3752,-0.1179,-0.0135,-0.3519,-0.1827,360,389,-29
29-2099,0.4341,Patient Representatives,-0.2839,-0.2805,-0.1123,-0.2614,-0.1868,372,376,-4
29-9091,0.4412,Athletic Trainers,-0.3311,-0.0954,-0.0785,-0.3082,-0.1933,366,381,-15
29-2035,0.387,Magnetic Resonance Imaging Technologists,-0.0728,-0.1366,-0.3354,-0.0522,-0.1938,409,334,75
49-2095,0.4866,"Electrical and Electronics Repairers, Powerhouse, Substation, and Relay",-0.5523,-0.672,0.1367,-0.5273,-0.1953,336,427,-91
27-4031,0.4645,"Camera Operators, Television, Video, and Film",-0.447,-0.629,0.032,-0.423,-0.1955,351,400,-49
33-9093,0.4725,Transportation Security Screeners,-0.5069,-0.523,0.0699,-0.4823,-0.2062,348,414,-66
51-9061,0.3717,"Inspectors, Testers, Sorters, Samplers, and Weighers",-0.0293,-0.1557,-0.4079,-0.0092,-0.2085,425,328,97
33-9091,0.481,Crossing Guards and Flaggers,-0.57,-0.3972,0.1102,-0.5449,-0.2173,340,433,-93
53-4011,0.4642,Locomotive Engineers,-0.4977,-0.9162,0.0305,-0.4733,-0.2214,352,412,-60
29-2033,0.3406,Nuclear Medicine Technologists,0.0855,-0.0226,-0.5553,0.1046,-0.2253,443,306,137
53-3031,0.5108,Driver/Sales Workers,-0.7293,-0.7222,0.2514,-0.7028,-0.2257,318,467,-149
29-2032,0.4114,Diagnostic Medical Sonographers,-0.2641,-0.2743,-0.2197,-0.2418,-0.2307,387,371,16
53-4041,0.4811,Subway and Streetcar Operators,-0.6155,-0.9125,0.1106,-0.59,-0.2397,339,443,-104
33-3051,0.487,Customs and Border Protection Officers,-0.6681,-0.6402,0.1384,-0.6421,-0.2519,335,454,-119
31-2011,0.4083,Occupational Therapy Assistants,-0.3154,-0.0745,-0.2344,-0.2926,-0.2635,390,380,10
33-3052,0.5126,Transit and Railroad Police,-0.8206,-0.7447,0.26,-0.7932,-0.2666,316,491,-175
51-9151,0.4156,Photographic Process Workers and Processing Machine Operators,-0.3616,-0.4978,-0.1998,-0.3384,-0.2691,384,386,-2
27-1013,0.4583,"Fine Artists, Including Painters, Sculptors, and Illustrators",-0.569,-0.6985,0.0026,-0.544,-0.2707,357,432,-75
51-8092,0.4016,Gas Plant Operators,-0.2982,-0.5742,-0.2662,-0.2756,-0.2709,394,377,17
27-2011,0.3052,Actors,0.1591,0.5784,-0.7231,0.1775,-0.2728,473,296,177
33-1021,0.4613,First-Line Supervisors of Firefighting and Prevention Workers,-0.593,-0.6364,0.0168,-0.5677,-0.2755,354,437,-83
43-9071,0.4399,"Office Machine Operators, Except Computer",-0.5171,-0.5774,-0.0846,-0.4925,-0.2886,367,418,-51
13-1074,0.42,Farm Labor Contractors,-0.4354,-0.4044,-0.179,-0.4115,-0.2952,381,398,-17
49-2011,0.4006,"Computer, Automated Teller, and Office Machine Repairers",-0.3458,-0.4541,-0.2709,-0.3228,-0.2968,395,383,12
27-1023,0.3847,Floral Designers,-0.2718,-0.2189,-0.3463,-0.2495,-0.2979,412,373,39
29-1124,0.3728,Radiation Therapists,-0.2189,-0.3162,-0.4027,-0.1971,-0.2999,421,363,58
45-4023,0.4252,Log Graders and Scalers,-0.4768,-0.703,-0.1543,-0.4526,-0.3034,376,407,-31
29-1126,0.3624,Respiratory Therapists,-0.1881,-0.1994,-0.452,-0.1664,-0.3092,430,356,74
29-2034,0.4347,Radiologic Technologists and Technicians,-0.5559,-0.4048,-0.1093,-0.5309,-0.3201,371,429,-58
33-1011,0.4292,First-Line Supervisors of Correctional Officers,-0.5584,-0.3614,-0.1354,-0.5334,-0.3344,374,431,-57
53-6011,0.4387,Bridge and Lock Tenders,-0.6322,-0.799,-0.0903,-0.6066,-0.3484,368,447,-79
49-9061,0.2946,Camera and Photographic Equipment Repairers,0.0546,-0.3598,-0.7733,0.074,-0.3497,484,316,168
51-9071,0.3358,Gem and Diamond Workers,-0.156,-0.6367,-0.5778,-0.1347,-0.3563,449,347,102
53-2031,0.4558,Flight Attendants,-0.7621,-0.3649,-0.0093,-0.7353,-0.3723,359,479,-120
33-9092,0.3944,"Lifeguards, Ski Patrol, and Other Recreational Protective Service Workers",-0.4718,-0.3161,-0.3003,-0.4476,-0.374,401,406,-5
51-8093,0.3727,"Petroleum Pump System Operators, Refinery Operators, and Gaugers",-0.37,-0.6506,-0.4032,-0.3468,-0.375,422,388,34
33-9011,0.4173,Animal Control Workers,-0.5946,-0.3903,-0.1918,-0.5693,-0.3805,383,439,-56
51-8091,0.3722,Chemical Plant and System Operators,-0.3831,-0.5601,-0.4055,-0.3597,-0.3826,424,392,32
39-5091,0.3881,"Makeup Artists, Theatrical and Performance",-0.4596,-0.4974,-0.3302,-0.4355,-0.3828,408,403,5
33-9032,0.373,Security Guards,-0.3908,-0.4228,-0.4017,-0.3674,-0.3846,420,395,25
29-2057,0.2745,Ophthalmic Medical Technicians,0.0787,0.0829,-0.8686,0.0979,-0.3854,507,308,199
39-3021,0.3638,Motion Picture Projectionists,-0.3787,-0.6494,-0.4453,-0.3553,-0.4003,429,390,39
49-2091,0.3158,Avionics Technicians,-0.1729,-0.2636,-0.6729,-0.1514,-0.4121,465,350,115
53-5031,0.3885,Ship Engineers,-0.5265,-0.5672,-0.3283,-0.5018,-0.415,407,421,-14
29-2061,0.3852,Licensed Practical and Licensed Vocational Nurses,-0.5137,-0.298,-0.3439,-0.4892,-0.4165,411,417,-6
51-6092,0.289,Fabric and Apparel Patternmakers,-0.0831,-0.3332,-0.7999,-0.0625,-0.4312,493,336,157
39-9011,0.3506,Childcare Workers,-0.3835,-0.1675,-0.5081,-0.3601,-0.4341,435,393,42
49-2097,0.3857,Audiovisual Equipment Installers and Repairers,-0.5713,-0.7304,-0.3415,-0.5462,-0.4439,410,434,-24
43-5111,0.3019,"Weighers, Measurers, Checkers, and Samplers, Recordkeeping",-0.1861,-0.3529,-0.7387,-0.1645,-0.4516,476,355,121
51-8021,0.3676,Stationary Engineers and Boiler Operators,-0.5032,-0.5798,-0.4273,-0.4788,-0.453,427,413,14
31-2021,0.3693,Physical Therapist Assistants,-0.5309,-0.2473,-0.4193,-0.5061,-0.4627,426,424,2
43-5052,0.4789,Postal Service Mail Carriers,-1.0647,-0.9672,0.1002,-1.0351,-0.4674,342,567,-225
29-1021,0.2932,"Dentists, General",-0.1813,-0.3477,-0.78,-0.1598,-0.4699,486,351,135
29-2053,0.2995,Psychiatric Technicians,-0.2203,-0.0011,-0.7501,-0.1984,-0.4743,478,364,114
39-5094,0.3063,Skincare Specialists,-0.2628,-0.0373,-0.7179,-0.2406,-0.4792,470,370,100
51-3092,0.3294,Food Batchmakers,-0.3791,-0.4268,-0.6084,-0.3558,-0.4821,455,391,64
27-2042,0.2507,Musicians and Singers,-0.004,0.2905,-0.9814,0.0159,-0.4828,524,325,199
37-2021,0.3954,Pest Control Workers,-0.7255,-0.7243,-0.2956,-0.699,-0.4973,400,464,-64
39-3093,0.3149,"Locker Room, Coatroom, and Dressing Room Attendants",-0.3454,0.2795,-0.6771,-0.3224,-0.4998,466,382,84
51-8013,0.3108,Power Plant Operators,-0.3483,-0.4411,-0.6966,-0.3252,-0.5109,468,384,84
49-9064,0.2777,Watch and Clock Repairers,-0.2124,-0.6193,-0.8535,-0.1906,-0.522,503,361,142
51-9011,0.3378,Chemical Equipment Operators and Tenders,-0.5115,-0.678,-0.5686,-0.487,-0.5278,446,416,30
33-3011,0.3357,Bailiffs,-0.5103,-0.1705,-0.5785,-0.4858,-0.5322,450,415,35
49-9091,0.3801,"Coin, Vending, and Amusement Machine Servicers and Repairers",-0.7234,-0.8515,-0.3681,-0.6969,-0.5325,414,463,-49
53-7071,0.3724,Gas Compressor and Gas Pumping Station Operators,-0.691,-0.8727,-0.4046,-0.6648,-0.5347,423,458,-35
53-3033,0.461,Light Truck Drivers,-1.1205,-1.2002,0.0154,-1.0904,-0.5375,355,580,-225
51-5112,0.3744,Printing Press Operators,-0.7094,-0.8443,-0.3951,-0.683,-0.5391,419,460,-41
31-9091,0.3356,Dental Assistants,-0.5269,-0.3459,-0.579,-0.5022,-0.5406,451,422,29
51-3011,0.3053,Bakers,-0.3853,-0.4743,-0.7226,-0.3619,-0.5423,472,394,78
29-2012,0.2506,Medical and Clinical Laboratory Technicians,-0.1273,-0.2828,-0.9821,-0.1063,-0.5442,525,344,181
49-2022,0.4021,"Telecommunications Equipment Installers and Repairers, Except Line Installers",-0.853,-0.9386,-0.2638,-0.8254,-0.5446,393,500,-107
31-9093,0.3761,Medical Equipment Preparers,-0.7309,-0.7763,-0.387,-0.7043,-0.5457,418,469,-51
49-9099,0.3445,Geothermal Technicians,-0.5901,-0.7932,-0.5368,-0.5648,-0.5508,442,436,6
31-2012,0.3796,Occupational Therapy Aides,-0.7734,-0.3573,-0.3705,-0.7465,-0.5585,415,481,-66
27-1012,0.4117,Craft Artists,-0.9295,-0.9174,-0.2183,-0.9011,-0.5597,386,526,-140
51-2092,0.3892,Team Assemblers,-0.8305,-0.8316,-0.325,-0.8031,-0.564,404,495,-91
35-2012,0.3479,"Cooks, Institution and Cafeteria",-0.6361,-0.5587,-0.5207,-0.6104,-0.5655,438,449,-11
33-3012,0.3996,Correctional Officers and Jailers,-0.8875,-0.6691,-0.2757,-0.8595,-0.5676,397,517,-120
53-7072,0.389,"Pump Operators, Except Wellhead Pumpers",-0.8423,-0.9717,-0.3259,-0.8147,-0.5703,405,498,-93
49-2098,0.3577,Security and Fire Alarm Systems Installers,-0.6926,-0.6849,-0.4743,-0.6664,-0.5703,432,459,-27
47-2231,0.4077,Solar Photovoltaic Installers,-0.9442,-1.037,-0.2373,-0.9157,-0.5765,391,528,-137
35-3011,0.3381,Bartenders,-0.616,-0.411,-0.5672,-0.5905,-0.5788,445,444,1
51-8031,0.2963,Water and Wastewater Treatment Plant and System Operators,-0.445,-0.5591,-0.7653,-0.4211,-0.5932,481,399,82
51-9141,0.3362,Semiconductor Processing Technicians,-0.6372,-0.7133,-0.5762,-0.6115,-0.5938,448,450,-2
39-5092,0.1958,Manicurists and Pedicurists,0.0335,-0.0792,-1.2417,0.0531,-0.5943,582,320,262
51-8099,0.3404,Biofuels Processing Technicians,-0.6702,-0.8108,-0.5563,-0.6442,-0.6002,444,455,-11
51-9081,0.1971,Dental Laboratory Technicians,0.0013,-0.4374,-1.2355,0.0212,-0.6071,580,324,256
27-2032,0.5231,Choreographers,-1.5758,-0.8861,0.3097,-1.5415,-0.6159,306,648,-342
31-9097,0.2486,Phlebotomists,-0.2778,-0.2526,-0.9914,-0.2554,-0.6234,526,375,151
51-4061,0.3448,"Model Makers, Metal and Plastic",-0.7422,-0.8677,-0.5354,-0.7155,-0.6255,441,472,-31
39-5012,0.3278,"Hairdressers, Hairstylists, and Cosmetologists",-0.6825,-0.6156,-0.616,-0.6563,-0.6362,456,456,0
35-2013,0.3486,"Cooks, Private Household",-0.7867,-0.6395,-0.5174,-0.7597,-0.6385,436,485,-49
47-4099,0.3663,Weatherization Installers and Technicians,-0.8728,-0.8711,-0.4335,-0.845,-0.6392,428,509,-81
27-1026,0.3919,Merchandise Displayers and Window Trimmers,-1.0014,-0.7348,-0.3122,-0.9724,-0.6423,402,549,-147
29-2056,0.2569,Veterinary Technologists and Technicians,-0.3623,-0.282,-0.952,-0.3391,-0.6456,519,387,132
35-3031,0.3791,Waiters and Waitresses,-0.9481,-0.4693,-0.3728,-0.9196,-0.6462,416,530,-114
39-5011,0.3332,Barbers,-0.7295,-0.5433,-0.5904,-0.7029,-0.6466,452,468,-16
43-5021,0.3773,Couriers and Messengers,-0.9591,-0.9224,-0.3814,-0.9305,-0.6559,417,534,-117
51-2022,0.3033,Electrical and Electronic Equipment Assemblers,-0.6249,-0.7517,-0.7321,-0.5993,-0.6657,474,446,28
51-4041,0.348,Machinists,-0.8676,-0.9782,-0.5202,-0.8397,-0.68,437,506,-69
49-9041,0.4031,Industrial Machinery Mechanics,-1.1332,-1.217,-0.2591,-1.1029,-0.681,392,584,-192
29-1024,0.1979,Prosthodontists,-0.1561,-0.2145,-1.2317,-0.1348,-0.6833,579,348,231
51-2021,0.3363,"Coil Winders, Tapers, and Finishers",-0.829,-0.8689,-0.5757,-0.8015,-0.6886,447,492,-45
51-3091,0.3195,"Food and Tobacco Roasting, Baking, and Drying Machine Operators and Tenders",-0.7589,-0.7901,-0.6553,-0.732,-0.6937,461,476,-15
51-9051,0.3611,"Furnace, Kiln, Oven, Drier, and Kettle Operators and Tenders",-0.9582,-0.8468,-0.4581,-0.9296,-0.6939,431,533,-102
43-9051,0.3312,"Mail Clerks and Mail Machine Operators, Except Postal Service",-0.8185,-0.7109,-0.5999,-0.7911,-0.6955,453,489,-36
47-2111,0.3229,Electricians,-0.7797,-0.9164,-0.6392,-0.7527,-0.6959,460,484,-24
39-4021,0.2735,Funeral Attendants,-0.5445,-0.1577,-0.8734,-0.5197,-0.6965,508,426,82
51-4111,0.2699,Tool and Die Makers,-0.5318,-0.6872,-0.8904,-0.507,-0.6987,511,425,86
53-3032,0.3984,Heavy and Tractor-Trailer Truck Drivers,-1.1491,-1.4004,-0.2813,-1.1187,-0.7,398,589,-191
39-5093,0.3449,Shampooers,-0.9054,-0.5006,-0.5349,-0.8772,-0.7061,440,521,-81
51-3093,0.2663,Food Cooking Machine Operators and Tenders,-0.556,-0.6185,-0.9075,-0.531,-0.7193,514,430,84
49-3011,0.2833,Aircraft Mechanics and Service Technicians,-0.6551,-0.8145,-0.8269,-0.6292,-0.7281,497,452,45
29-1022,0.1937,Oral and Maxillofacial Surgeons,-0.239,-0.3303,-1.2516,-0.2169,-0.7343,585,365,220
53-6021,0.3165,Parking Attendants,-0.8354,-1.0376,-0.6695,-0.8079,-0.7387,464,497,-33
35-3041,0.2891,"Food Servers, Nonrestaurant",-0.727,-0.445,-0.7994,-0.7005,-0.75,492,465,27
51-4062,0.2624,"Patternmakers, Metal and Plastic",-0.6131,-0.7884,-0.926,-0.5876,-0.7568,516,442,74
51-4081,0.2821,"Multiple Machine Tool Setters, Operators, and Tenders, Metal and Plastic",-0.7427,-0.8449,-0.8326,-0.716,-0.7743,498,473,25
31-9096,0.2881,Veterinary Assistants and Laboratory Animal Caretakers,-0.7736,-0.5899,-0.8042,-0.7466,-0.7754,495,482,13
51-6061,0.3063,Textile Bleaching and Dyeing Machine Operators and Tenders,-0.8609,-0.923,-0.7179,-0.8332,-0.7755,470,504,-34
47-5013,0.3253,"Service Unit Operators, Oil and Gas",-0.9719,-1.0682,-0.6278,-0.9431,-0.7855,458,541,-83
53-7011,0.2796,Conveyor Operators and Tenders,-0.7554,-0.8456,-0.8444,-0.7287,-0.7866,500,475,25
29-2055,0.2182,Surgical Technologists,-0.483,-0.5418,-1.1355,-0.4587,-0.7971,562,409,153
49-9021,0.2947,"Heating, Air Conditioning, and Refrigeration Mechanics and Installers",-0.8491,-0.8961,-0.7729,-0.8215,-0.7972,483,499,-16
49-9031,0.3178,Home Appliance Repairers,-0.9704,-0.9282,-0.6634,-0.9416,-0.8025,462,537,-75
31-2022,0.2977,Physical Therapist Aides,-0.8823,-0.6148,-0.7587,-0.8544,-0.8065,480,513,-33
47-4021,0.2914,Elevator and Escalator Installers and Repairers,-0.8605,-0.9279,-0.7885,-0.8327,-0.8106,488,503,-15
49-2093,0.2849,"Electrical and Electronics Installers and Repairers, Transportation Equipment",-0.8304,-0.9101,-0.8193,-0.8029,-0.8111,496,494,2
39-2021,0.2948,Animal Caretakers,-0.889,-0.528,-0.7724,-0.861,-0.8167,482,518,-36
39-2011,0.2986,Animal Trainers,-0.9168,-0.7294,-0.7544,-0.8885,-0.8215,479,523,-44
53-5022,0.2899,Motorboat Operators,-0.8871,-1.1765,-0.7956,-0.8591,-0.8274,490,516,-26
51-4023,0.3305,"Rolling Machine Setters, Operators, and Tenders, Metal and Plastic",-1.0892,-1.1861,-0.6032,-1.0594,-0.8313,454,573,-119
51-7032,0.3233,"Patternmakers, Wood",-1.0579,-1.2082,-0.6373,-1.0283,-0.8328,459,565,-106
53-4013,0.2751,"Rail Yard Engineers, Dinkey Operators, and Hostlers",-0.8321,-1.0211,-0.8658,-0.8046,-0.8352,505,496,9
51-6052,0.1906,"Tailors, Dressmakers, and Custom Sewers",-0.4305,-0.6065,-1.2663,-0.4067,-0.8365,589,397,192
51-4035,0.2791,"Milling and Planing Machine Setters, Operators, and Tenders, Metal and Plastic",-0.8703,-0.867,-0.8468,-0.8425,-0.8447,502,508,-6
51-9194,0.2304,Etchers and Engravers,-0.6395,-0.7746,-1.0777,-0.6138,-0.8457,546,451,95
49-2021,0.2282,"Radio, Cellular, and Tower Equipment Installers and Repairers",-0.6335,-0.7433,-1.0881,-0.6079,-0.848,552,448,104
51-4192,0.2383,"Layout Workers, Metal and Plastic",-0.7221,-0.936,-1.0402,-0.6957,-0.8679,543,462,81
51-2023,0.1882,Electromechanical Equipment Assemblers,-0.4977,-0.6523,-1.2777,-0.4733,-0.8755,593,411,182
51-4122,0.2913,"Welding, Soldering, and Brazing Machine Setters, Operators, and Tenders",-1.0024,-1.0478,-0.789,-0.9734,-0.8812,489,550,-61
51-6062,0.2937,"Textile Cutting Machine Setters, Operators, and Tenders",-1.0229,-1.116,-0.7776,-0.9937,-0.8857,485,556,-71
43-5053,0.3271,"Postal Service Mail Sorters, Processors, and Processing Machine Operators",-1.185,-1.0072,-0.6193,-1.1543,-0.8868,457,599,-142
49-2096,0.2439,"Electronic Equipment Installers and Repairers, Motor Vehicles",-0.7916,-0.8696,-1.0137,-0.7645,-0.8891,535,486,49
51-6091,0.2568,"Extruding and Forming Machine Setters, Operators, and Tenders, Synthetic and Glass Fibers",-0.8597,-0.9238,-0.9525,-0.832,-0.8922,520,502,18
51-4022,0.2441,"Forging Machine Setters, Operators, and Tenders, Metal and Plastic",-0.8047,-0.881,-1.0127,-0.7774,-0.8951,533,487,46
51-9023,0.2452,"Mixing and Blending Machine Setters, Operators, and Tenders",-0.8197,-0.9409,-1.0075,-0.7923,-0.8999,531,490,41
51-4191,0.3022,"Heat Treating Equipment Setters, Operators, and Tenders, Metal and Plastic",-1.0925,-1.1711,-0.7373,-1.0626,-0.9,475,575,-100
35-2014,0.2288,"Cooks, Restaurant",-0.7418,-0.7586,-1.0852,-0.7152,-0.9002,550,471,79
51-9021,0.2887,"Crushing, Grinding, and Polishing Machine Setters, Operators, and Tenders",-1.0435,-1.1358,-0.8013,-1.0141,-0.9077,494,562,-68
49-9012,0.2287,"Control and Valve Installers and Repairers, Except Mechanical Door",-0.7607,-0.7806,-1.0857,-0.7339,-0.9098,551,478,73
49-9043,0.2726,"Maintenance Workers, Machinery",-0.9735,-1.0152,-0.8776,-0.9448,-0.9112,509,543,-34
51-9012,0.2612,"Separating, Filtering, Clarifying, Precipitating, and Still Machine Setters, Operators, and Tenders",-0.9379,-1.0484,-0.9317,-0.9095,-0.9206,517,527,-10
51-9083,0.1892,Ophthalmic Laboratory Technicians,-0.5967,-0.9184,-1.2729,-0.5713,-0.9221,592,440,152
47-2073,0.2485,Operating Engineers and Other Construction Equipment Operators,-0.8815,-1.1738,-0.9919,-0.8536,-0.9227,527,512,15
51-7031,0.2148,"Model Makers, Wood",-0.7279,-0.8021,-1.1516,-0.7013,-0.9265,565,466,99
51-9082,0.1654,Medical Appliance Technicians,-0.495,-0.5483,-1.3857,-0.4705,-0.9281,620,410,210
49-9097,0.2412,Signal and Track Switch Repairers,-0.8582,-1.1476,-1.0265,-0.8305,-0.9285,540,501,39
49-2092,0.231,"Electric Motor, Power Tool, and Related Repairers",-0.8106,-0.98,-1.0748,-0.7833,-0.9291,544,488,56
53-7021,0.2746,Crane and Tower Operators,-1.0306,-1.3516,-0.8681,-1.0013,-0.9347,506,558,-52
47-5012,0.2188,"Rotary Drill Operators, Oil and Gas",-0.7737,-0.8804,-1.1326,-0.7468,-0.9397,561,483,78
49-3053,0.2431,Outdoor Power Equipment and Other Small Engine Mechanics,-0.8941,-0.9615,-1.0175,-0.8661,-0.9418,537,519,18
51-9193,0.2555,Cooling and Freezing Equipment Operators and Tenders,-0.9605,-1.0308,-0.9587,-0.9318,-0.9453,521,535,-14
35-2015,0.1775,"Cooks, Short Order",-0.5934,-0.5674,-1.3284,-0.5681,-0.9482,607,438,169
51-5113,0.2419,Print Binding and Finishing Workers,-0.9062,-0.9139,-1.0231,-0.878,-0.9506,539,522,17
51-3021,0.2554,Butchers and Meat Cutters,-0.971,-0.9766,-0.9592,-0.9422,-0.9507,522,539,-17
31-9011,0.3465,Massage Therapists,-1.4102,-0.6819,-0.5273,-1.3775,-0.9524,439,633,-194
45-2021,0.2694,Animal Breeders,-1.0443,-0.9411,-0.8928,-1.0149,-0.9538,512,563,-51
51-9041,0.2661,"Extruding, Forming, Pressing, and Compacting Machine Setters, Operators, and Tenders",-1.0422,-1.1379,-0.9084,-1.0127,-0.9606,515,561,-46
49-9071,0.2586,"Maintenance and Repair Workers, General",-1.0144,-1.0696,-0.944,-0.9853,-0.9646,518,554,-36
39-9031,0.4862,Exercise Trainers and Group Fitness Instructors,-2.1119,-1.2572,0.1348,-2.0728,-0.969,337,682,-345
49-9081,0.2453,Wind Turbine Service Technicians,-0.971,-0.9838,-1.007,-0.9422,-0.9746,530,540,-10
53-7081,0.3078,Refuse and Recyclable Material Collectors,-1.2834,-1.2628,-0.7108,-1.2518,-0.9813,469,618,-149
33-2011,0.3146,Firefighters,-1.3202,-1.2871,-0.6785,-1.2883,-0.9834,467,622,-155
49-3051,0.2236,Motorboat Mechanics and Service Technicians,-0.8864,-0.9378,-1.1099,-0.8584,-0.9841,555,515,40
51-6051,0.1619,"Sewers, Hand",-0.5987,-1.0194,-1.4023,-0.5734,-0.9879,623,441,182
39-4011,0.1838,Embalmers,-0.7311,-0.6571,-1.2985,-0.7046,-1.0016,600,470,130
51-4034,0.254,"Lathe and Turning Machine Tool Setters, Operators, and Tenders, Metal and Plastic",-1.0673,-1.1261,-0.9658,-1.0377,-1.0017,523,568,-45
49-3092,0.2241,Recreational Vehicle Service Technicians,-0.9244,-0.8695,-1.1075,-0.8961,-1.0018,554,525,29
49-3023,0.2296,Automotive Service Technicians and Mechanics,-0.9547,-1.0311,-1.0814,-0.9261,-1.0038,548,531,17
45-4022,0.2388,Logging Equipment Operators,-1.0037,-1.3552,-1.0378,-0.9746,-1.0062,541,551,-10
51-4194,0.2114,"Tool Grinders, Filers, and Sharpeners",-0.8809,-1.0972,-1.1677,-0.853,-1.0103,568,511,57
47-2132,0.2917,"Insulation Workers, Mechanical",-1.2686,-1.0799,-0.7871,-1.2371,-1.0121,487,615,-128
53-6031,0.2799,Automotive and Watercraft Service Attendants,-1.2215,-1.1081,-0.843,-1.1904,-1.0167,499,606,-107
45-4011,0.2461,Forest and Conservation Workers,-1.0642,-1.0,-1.0032,-1.0346,-1.0189,529,566,-37
51-4033,0.2302,"Grinding, Lapping, Polishing, and Buffing Machine Tool Setters, Operators, and Tenders, Metal and Plastic",-0.9902,-1.1941,-1.0786,-0.9612,-1.0199,547,547,0
35-2011,0.1696,"Cooks, Fast Food",-0.7132,-0.3906,-1.3658,-0.6868,-1.0263,616,461,155
51-9123,0.2209,"Painting, Coating, and Decorating Workers",-0.9706,-0.9511,-1.1227,-0.9418,-1.0322,558,538,20
51-6063,0.277,"Textile Knitting and Weaving Machine Setters, Operators, and Tenders",-1.2417,-1.1555,-0.8568,-1.2104,-1.0336,504,613,-109
51-4032,0.176,"Drilling and Boring Machine Tool Setters, Operators, and Tenders, Metal and Plastic",-0.7598,-0.8868,-1.3355,-0.733,-1.0342,608,477,131
51-4193,0.2049,"Plating Machine Setters, Operators, and Tenders, Metal and Plastic",-0.9,-0.8283,-1.1985,-0.8719,-1.0352,572,520,52
51-9191,0.2896,Adhesive Bonding Machine Operators and Tenders,-1.3114,-1.2855,-0.797,-1.2795,-1.0383,491,620,-129
47-4071,0.2681,Septic Tank Servicers and Sewer Pipe Cleaners,-1.2106,-1.2604,-0.899,-1.1796,-1.0393,513,604,-91
49-9063,0.1247,Musical Instrument Repairers and Tuners,-0.5306,-0.5843,-1.5787,-0.5059,-1.0423,646,423,223
39-6011,0.2796,Baggage Porters and Bellhops,-1.272,-0.914,-0.8444,-1.2405,-1.0425,500,616,-116
53-3011,0.1851,"Ambulance Drivers and Attendants, Except Emergency Medical Technicians",-0.8299,-0.8444,-1.2924,-0.8024,-1.0474,597,493,104
53-7121,0.3003,"Tank Car, Truck, and Ship Loaders",-1.3878,-1.4032,-0.7463,-1.3552,-1.0508,477,628,-151
49-3091,0.2004,Bicycle Repairers,-0.9226,-0.8226,-1.2199,-0.8943,-1.0571,576,524,52
51-9192,0.245,"Cleaning, Washing, and Metal Pickling Equipment Operators and Tenders",-1.1419,-1.1242,-1.0084,-1.1116,-1.06,532,585,-53
51-4051,0.2467,Metal-Refining Furnace Operators and Tenders,-1.1675,-1.3035,-1.0004,-1.1369,-1.0687,528,593,-65
51-9032,0.2257,"Cutting and Slicing Machine Setters, Operators, and Tenders",-1.0793,-1.1988,-1.0999,-1.0495,-1.0747,553,570,-17
49-9092,0.2295,Commercial Divers,-1.1027,-1.0821,-1.0819,-1.0728,-1.0773,549,577,-28
47-2211,0.2441,Sheet Metal Workers,-1.175,-1.2447,-1.0127,-1.1443,-1.0785,533,595,-62
53-7031,0.2072,Dredge Operators,-1.0166,-1.2555,-1.1876,-0.9875,-1.0875,571,555,16
49-3042,0.2388,"Mobile Heavy Equipment Mechanics, Except Engines",-1.1698,-1.2587,-1.0378,-1.1392,-1.0885,541,594,-53
53-7073,0.2208,Wellhead Pumpers,-1.0912,-1.0994,-1.1232,-1.0613,-1.0922,559,574,-15
49-3041,0.2422,Farm Equipment Mechanics and Service Technicians,-1.207,-1.2386,-1.0217,-1.1761,-1.0989,538,603,-65
51-9196,0.1686,"Paper Goods Machine Setters, Operators, and Tenders",-0.874,-0.9174,-1.3706,-0.8462,-1.1084,618,510,108
51-9022,0.222,"Grinding and Polishing Workers, Hand",-1.1465,-1.2195,-1.1175,-1.1162,-1.1168,556,588,-32
49-3052,0.1408,Motorcycle Mechanics,-0.7637,-0.6656,-1.5024,-0.7369,-1.1196,640,480,160
47-4041,0.1243,Hazardous Materials Removal Workers,-0.6887,-0.7441,-1.5806,-0.6626,-1.1216,647,457,190
53-7041,0.1829,Hoist and Winch Operators,-0.9782,-1.1266,-1.3028,-0.9494,-1.1261,601,544,57
47-2152,0.2127,"Plumbers, Pipefitters, and Steamfitters",-1.1212,-1.1196,-1.1615,-1.0911,-1.1263,567,581,-14
53-7063,0.1946,Machine Feeders and Offbearers,-1.0374,-1.0134,-1.2473,-1.008,-1.1277,584,560,24
53-5011,0.218,Sailors and Marine Oilers,-1.15,-1.2692,-1.1364,-1.1196,-1.128,563,590,-27
51-2031,0.1708,Engine and Other Machine Assemblers,-0.9561,-1.0446,-1.3602,-0.9275,-1.1438,615,532,83
47-5041,0.2137,Continuous Mining Machine Operators,-1.1655,-1.3552,-1.1568,-1.135,-1.1459,566,592,-26
37-3012,0.1548,"Pesticide Handlers, Sprayers, and Applicators, Vegetation",-0.8848,-0.9336,-1.436,-0.8568,-1.1464,627,514,113
51-4072,0.2093,"Molding, Coremaking, and Casting Machine Setters, Operators, and Tenders, Metal and Plastic",-1.1461,-1.1081,-1.1777,-1.1158,-1.1467,570,587,-17
49-3031,0.1804,Bus and Truck Mechanics and Diesel Engine Specialists,-1.0105,-1.0584,-1.3146,-0.9814,-1.148,604,553,51
51-6042,0.1842,Shoe Machine Operators and Tenders,-1.0299,-1.0524,-1.2966,-1.0006,-1.1486,599,557,42
51-9111,0.1685,Packaging and Filling Machine Operators and Tenders,-0.9786,-1.0107,-1.3711,-0.9498,-1.1604,619,545,74
51-7042,0.1995,"Woodworking Machine Setters, Operators, and Tenders, Except Sawing",-1.1304,-1.2039,-1.2241,-1.1001,-1.1621,578,583,-5
51-2011,0.1427,"Aircraft Structure, Surfaces, Rigging, and Systems Assemblers",-0.8685,-0.9271,-1.4933,-0.8406,-1.167,635,507,128
51-6031,0.1621,Sewing Machine Operators,-0.964,-1.2726,-1.4014,-0.9353,-1.1683,622,536,86
51-6011,0.1749,Laundry and Dry-Cleaning Workers,-1.0544,-0.8895,-1.3407,-1.0249,-1.1828,610,564,46
51-4031,0.1711,"Cutting, Punching, and Press Machine Setters, Operators, and Tenders, Metal and Plastic",-1.0366,-1.1496,-1.3587,-1.0072,-1.183,614,559,55
51-6064,0.2436,"Textile Winding, Twisting, and Drawing Out Machine Setters, Operators, and Tenders",-1.3929,-1.4165,-1.0151,-1.3603,-1.1877,536,630,-94
51-4021,0.2031,"Extruding and Drawing Machine Setters, Operators, and Tenders, Metal and Plastic",-1.2344,-1.3248,-1.2071,-1.2032,-1.2051,575,611,-36
51-9031,0.1422,"Cutters and Trimmers, Hand",-0.948,-0.9458,-1.4957,-0.9194,-1.2076,639,529,110
49-9052,0.1694,Telecommunications Line Installers and Repairers,-1.0839,-1.0541,-1.3668,-1.0541,-1.2104,617,572,45
51-9195,0.19,"Glass Blowers, Molders, Benders, and Finishers",-1.1834,-1.2412,-1.2693,-1.1527,-1.211,591,597,-6
47-2011,0.1714,Boilermakers,-1.0975,-1.1216,-1.3573,-1.0676,-1.2125,613,576,37
51-4121,0.1923,"Welders, Cutters, Solderers, and Brazers",-1.1976,-1.2978,-1.2582,-1.1668,-1.2125,588,600,-12
47-2031,0.2168,Carpenters,-1.3236,-1.2453,-1.1421,-1.2916,-1.2169,564,623,-59
51-7021,0.1902,Furniture Finishers,-1.1977,-1.2381,-1.2682,-1.1669,-1.2175,590,601,-11
51-7041,0.1815,"Sawing Machine Setters, Operators, and Tenders, Wood",-1.165,-1.265,-1.3094,-1.1345,-1.222,602,591,11
45-2092,0.2722,"Farmworkers and Laborers, Crop, Nursery, and Greenhouse",-1.6013,-1.4324,-0.8795,-1.5668,-1.2232,510,650,-140
51-6041,0.1425,Shoe and Leather Workers and Repairers,-0.9909,-1.007,-1.4943,-0.962,-1.2281,637,548,89
49-9094,0.1163,Locksmiths and Safe Repairers,-0.8657,-0.9909,-1.6185,-0.838,-1.2282,654,505,149
49-9011,0.2216,Mechanical Door Repairers,-1.3832,-1.2819,-1.1194,-1.3506,-1.235,557,627,-70
45-2041,0.219,"Graders and Sorters, Agricultural Products",-1.371,-1.0324,-1.1317,-1.3386,-1.2351,560,626,-66
47-4091,0.1351,Segmental Pavers,-0.9827,-0.9494,-1.5294,-0.9539,-1.2416,642,546,96
47-2044,0.1851,Tile and Stone Setters,-1.2254,-1.1963,-1.2924,-1.1943,-1.2434,597,608,-11
45-2093,0.1602,"Farmworkers, Farm, Ranch, and Aquacultural Animals",-1.1084,-1.089,-1.4104,-1.0784,-1.2444,624,579,45
51-7011,0.2037,Cabinetmakers and Bench Carpenters,-1.3275,-1.3268,-1.2042,-1.2955,-1.2498,574,624,-50
51-6093,0.2001,Upholsterers,-1.3137,-1.4052,-1.2213,-1.2818,-1.2516,577,621,-44
51-2041,0.1493,Structural Metal Fabricators and Fitters,-1.0763,-1.0776,-1.4621,-1.0466,-1.2543,630,569,61
49-9096,0.1733,Riggers,-1.2215,-1.2775,-1.3483,-1.1905,-1.2694,611,607,4
49-9051,0.1426,Electrical Power-Line Installers and Repairers,-1.0814,-1.119,-1.4938,-1.0516,-1.2727,636,571,65
49-3021,0.1493,Automotive Body and Related Repairers,-1.1806,-1.1991,-1.4621,-1.1499,-1.306,630,596,34
47-5011,0.1958,"Derrick Operators, Oil and Gas",-1.415,-1.3906,-1.2417,-1.3822,-1.3119,582,636,-54
51-4052,0.1105,"Pourers and Casters, Metal",-1.0091,-1.1433,-1.646,-0.98,-1.313,658,552,106
45-2091,0.1367,Agricultural Equipment Operators,-1.1452,-1.24,-1.5218,-1.1148,-1.3183,641,586,55
49-9095,0.1869,Manufactured Building and Mobile Home Installers,-1.4141,-1.4398,-1.2838,-1.3813,-1.3325,595,635,-40
53-7064,0.2039,"Packers and Packagers, Hand",-1.5136,-1.1934,-1.2033,-1.4799,-1.3416,573,642,-69
35-2021,0.1437,Food Preparation Workers,-1.2264,-0.934,-1.4886,-1.1953,-1.342,634,610,24
37-2012,0.1931,Maids and Housekeeping Cleaners,-1.4807,-1.0308,-1.2545,-1.4472,-1.3508,586,640,-54
51-9198,0.1757,Helpers--Production Workers,-1.4113,-1.3554,-1.3369,-1.3785,-1.3577,609,634,-25
49-3043,0.1797,Rail Car Repairers,-1.4481,-1.485,-1.318,-1.415,-1.3665,605,639,-34
49-9098,0.1553,"Helpers--Installation, Maintenance, and Repair Workers",-1.3466,-1.3206,-1.4336,-1.3144,-1.374,626,625,1
47-2071,0.1146,"Paving, Surfacing, and Tamping Equipment Operators",-1.1847,-1.3031,-1.6265,-1.154,-1.3903,655,598,57
47-5081,0.1876,Helpers--Extraction Workers,-1.5432,-1.5723,-1.2805,-1.5092,-1.3948,594,645,-51
47-2151,0.1199,Pipelayers,-1.2256,-1.181,-1.6014,-1.1945,-1.398,651,609,42
47-2121,0.1533,Glaziers,-1.3889,-1.267,-1.4431,-1.3563,-1.3997,628,629,-1
37-2011,0.1601,"Janitors and Cleaners, Except Maids and Housekeeping Cleaners",-1.4362,-1.093,-1.4109,-1.4032,-1.407,625,638,-13
49-9044,0.1242,Millwrights,-1.2661,-1.2839,-1.581,-1.2346,-1.4078,648,614,34
51-3022,0.0883,"Meat, Poultry, and Fish Cutters and Trimmers",-1.1056,-1.0259,-1.7512,-1.0756,-1.4134,671,578,93
49-3022,0.1077,Automotive Glass Installers and Repairers,-1.2023,-1.2349,-1.6592,-1.1714,-1.4153,662,602,60
47-2072,0.1104,Pile Driver Operators,-1.22,-1.4549,-1.6464,-1.189,-1.4177,659,605,54
47-2041,0.1796,Carpet Installers,-1.5646,-1.4144,-1.3184,-1.5304,-1.4244,606,647,-41
47-2141,0.1813,"Painters, Construction and Maintenance",-1.588,-1.3807,-1.3104,-1.5536,-1.432,603,649,-46
47-2042,0.1177,"Floor Layers, Except Carpet, Wood, and Hard Tiles",-1.301,-1.0491,-1.6118,-1.2692,-1.4405,652,619,33
45-4021,0.211,Fallers,-1.7954,-1.7914,-1.1696,-1.7591,-1.4644,569,671,-102
47-2021,0.1967,Brickmasons and Blockmasons,-1.7543,-1.6069,-1.2374,-1.7184,-1.4779,581,665,-84
47-4051,0.0971,Highway Maintenance Workers,-1.2791,-1.2816,-1.7095,-1.2475,-1.4785,666,617,49
53-7062,0.1856,"Laborers and Freight, Stock, and Material Movers, Hand",-1.7092,-1.4984,-1.2902,-1.6737,-1.482,596,657,-61
47-2061,0.1496,Construction Laborers,-1.623,-1.405,-1.4606,-1.5883,-1.5245,629,653,-24
49-9045,0.0656,"Refractory Materials Repairers, Except Brickmasons",-1.2375,-1.2088,-1.8588,-1.2063,-1.5325,678,612,66
53-7061,0.1476,Cleaners of Vehicles and Equipment,-1.6299,-1.5353,-1.4701,-1.5951,-1.5326,632,654,-22
47-4061,0.097,Rail-Track Laying and Maintenance Equipment Operators,-1.3991,-1.4968,-1.71,-1.3664,-1.5382,667,632,35
37-3013,0.164,Tree Trimmers and Pruners,-1.727,-1.5808,-1.3924,-1.6914,-1.5419,621,659,-38
53-7051,0.0924,Industrial Truck and Tractor Operators,-1.3987,-1.5754,-1.7318,-1.366,-1.5489,670,631,39
27-2021,0.1719,Athletes and Sports Competitors,-1.8143,-1.2904,-1.3549,-1.7779,-1.5664,612,672,-60
47-2082,0.1114,Tapers,-1.5408,-1.3446,-1.6417,-1.5068,-1.5743,657,644,13
47-3013,0.1034,Helpers--Electricians,-1.5069,-1.4451,-1.6796,-1.4732,-1.5764,665,641,24
47-2131,0.1229,"Insulation Workers, Floor, Ceiling, and Wall",-1.6188,-1.5097,-1.5872,-1.5841,-1.5856,649,652,-3
47-3012,0.0824,Helpers--Carpenters,-1.4253,-1.3702,-1.7792,-1.3924,-1.5858,675,637,38
49-3093,0.1079,Tire Repairers and Changers,-1.5507,-1.423,-1.6583,-1.5167,-1.5875,661,646,15
47-2171,0.1924,Reinforcing Iron and Rebar Workers,-1.971,-1.7812,-1.2578,-1.9331,-1.5954,587,680,-93
47-2081,0.1215,Drywall and Ceiling Tile Installers,-1.648,-1.4961,-1.5938,-1.613,-1.6034,650,655,-5
47-2221,0.1299,Structural Iron and Steel Workers,-1.7801,-1.701,-1.554,-1.7439,-1.649,645,670,-25
47-2142,0.1171,Paperhangers,-1.7275,-1.5658,-1.6147,-1.6919,-1.6533,653,660,-7
37-3011,0.1341,Landscaping and Groundskeeping Workers,-1.8243,-1.6565,-1.5341,-1.7877,-1.6609,643,673,-30
47-5071,0.0671,"Roustabouts, Oil and Gas",-1.519,-1.5003,-1.8517,-1.4852,-1.6684,677,643,34
47-5051,0.1146,"Rock Splitters, Quarry",-1.7635,-1.6143,-1.6265,-1.7275,-1.677,655,667,-12
47-4031,0.1423,Fence Erectors,-1.9021,-1.6753,-1.4952,-1.8648,-1.68,638,676,-38
35-9011,0.1456,Dining Room and Cafeteria Attendants and Bartender Helpers,-1.9271,-1.4327,-1.4796,-1.8896,-1.6846,633,677,-44
47-2161,0.1086,Plasterers and Stucco Masons,-1.7556,-1.5779,-1.655,-1.7197,-1.6873,660,666,-6
47-3015,0.0925,"Helpers--Pipelayers, Plumbers, Pipefitters, and Steamfitters",-1.6789,-1.462,-1.7313,-1.6436,-1.6875,669,656,13
51-9197,0.0741,Tire Builders,-1.6109,-1.4628,-1.8185,-1.5763,-1.6974,676,651,25
47-2051,0.1059,Cement Masons and Concrete Finishers,-1.7774,-1.6776,-1.6678,-1.7413,-1.7045,663,669,-6
51-6021,0.1334,"Pressers, Textile, Garment, and Related Materials",-1.9501,-1.8539,-1.5374,-1.9124,-1.7249,644,679,-35
47-2053,0.0946,Terrazzo Workers and Finishers,-1.7761,-1.685,-1.7213,-1.7399,-1.7306,668,668,0
47-2043,0.0872,Floor Sanders and Finishers,-1.7487,-1.5744,-1.7564,-1.7129,-1.7346,672,663,9
47-2181,0.0827,Roofers,-1.7529,-1.5534,-1.7777,-1.717,-1.7474,674,664,10
47-3011,0.1058,"Helpers--Brickmasons, Blockmasons, Stonemasons, and Tile and Marble Setters",-1.9423,-1.8218,-1.6682,-1.9047,-1.7865,664,678,-14
51-4071,0.0611,Foundry Mold and Coremakers,-1.7403,-1.6417,-1.8801,-1.7046,-1.7923,679,662,17
47-2022,0.0512,Stonemasons,-1.7148,-1.4831,-1.927,-1.6792,-1.8031,681,658,23
47-3016,0.0841,Helpers--Roofers,-1.8982,-1.6679,-1.7711,-1.861,-1.816,673,675,-2
35-9021,0.05,Dishwashers,-1.7386,-1.5612,-1.9327,-1.7028,-1.8178,682,661,21
27-2031,0.2306,Dancers,-2.6698,-1.7931,-1.0767,-2.6255,-1.8511,545,683,-138
51-3023,0.05,Slaughterers and Meat Packers,-1.8347,-1.5429,-1.9327,-1.798,-1.8654,682,674,8
47-3014,0.0523,"Helpers--Painters, Paperhangers, Plasterers, and Stucco Masons",-2.0448,-1.7111,-1.9218,-2.0063,-1.9641,680,681,-1
